{"cameraMode":{"drawMode":0,"name":"Shaded","section":"Shading Mode"},"sceneLighting":false,"audioPlay":false,"sceneViewState":{"showFog":false,"showMaterialUpdate":false,"showSkybox":false,"showFlares":false,"showImageEffects":false,"showParticleSystems":true},"in2DMode":false,"pivot":{"x":18.772510528564454,"y":-3.351836681365967,"z":2.18076753616333},"rotation":{"x":-0.13083986937999726,"y":0.8159739375114441,"z":-0.5250994563102722,"w":-0.20331773161888123},"size":61.316532135009769,"orthographic":false}